{
  "num_leaves": 17,
  "learning_rate": 0.012122629678747783,
  "n_estimators": 294,
  "min_child_samples": 50,
  "min_split_gain": 0.04794513567913694,
  "reg_alpha": 0.8953038942212712,
  "reg_lambda": 0.025478451060802945,
  "subsample": 0.70008835331431,
  "colsample_bytree": 0.6887408490053782,
  "subsample_freq": 1,
  "random_state": 42,
  "verbosity": -1
}