{
  "threshold": 0.19,
  "recall": 0.8710691823899371,
  "precision": 0.43759873617693523,
  "f1": 0.5825446898002103,
  "roc_auc": 0.8330224413950829,
  "pr_auc": 0.6269236610603423,
  "confusion_matrix": {
    "tn": 524,
    "fp": 356,
    "fn": 41,
    "tp": 277
  },
  "classification_report": {
    "0": {
      "precision": 0.9274336283185841,
      "recall": 0.5954545454545455,
      "f1-score": 0.7252595155709343,
      "support": 880.0
    },
    "1": {
      "precision": 0.43759873617693523,
      "recall": 0.8710691823899371,
      "f1-score": 0.5825446898002103,
      "support": 318.0
    },
    "accuracy": 0.6686143572621035,
    "macro avg": {
      "precision": 0.6825161822477597,
      "recall": 0.7332618639222412,
      "f1-score": 0.6539021026855723,
      "support": 1198.0
    },
    "weighted avg": {
      "precision": 0.7974106769821532,
      "recall": 0.6686143572621035,
      "f1-score": 0.687376949130959,
      "support": 1198.0
    }
  }
}