{
  "threshold": 0.22000000000000003,
  "recall": 0.7967914438502673,
  "precision": 0.5164644714038128,
  "f1": 0.6267087276550999,
  "roc_auc": 0.8383631713554989,
  "pr_auc": 0.6213179135564633,
  "confusion_matrix": {
    "tn": 756,
    "fp": 279,
    "fn": 76,
    "tp": 298
  },
  "classification_report": {
    "0": {
      "precision": 0.9086538461538461,
      "recall": 0.7304347826086957,
      "f1-score": 0.8098553829673273,
      "support": 1035.0
    },
    "1": {
      "precision": 0.5164644714038128,
      "recall": 0.7967914438502673,
      "f1-score": 0.6267087276550999,
      "support": 374.0
    },
    "accuracy": 0.7480482611781405,
    "macro avg": {
      "precision": 0.7125591587788295,
      "recall": 0.7636131132294814,
      "f1-score": 0.7182820553112136,
      "support": 1409.0
    },
    "weighted avg": {
      "precision": 0.8045524791158671,
      "recall": 0.7480482611781405,
      "f1-score": 0.761241579499071,
      "support": 1409.0
    }
  }
}