{
  "threshold": 0.19,
  "recall": 0.8770685579196218,
  "precision": 0.467843631778058,
  "f1": 0.6101973684210527,
  "cost": 204600.0
}