{
  "threshold": 0.22000000000000003,
  "recall": 0.8508361204013378,
  "precision": 0.49055148476667954,
  "f1": 0.6223091976516634,
  "cost": 243600.0
}