{
  "seeds": [
    42,
    7,
    2024
  ],
  "per_seed": [
    {
      "seed": 42,
      "cv_pr_auc": 0.6724690814638055,
      "test_roc_auc": 0.8299081618067468,
      "test_pr_auc": 0.652598304476322,
      "n_trees": 24
    },
    {
      "seed": 7,
      "cv_pr_auc": 0.6552086538117226,
      "test_roc_auc": 0.847291309319611,
      "test_pr_auc": 0.6833293381046519,
      "n_trees": 158
    },
    {
      "seed": 2024,
      "cv_pr_auc": 0.6527352339615361,
      "test_roc_auc": 0.8585423813607777,
      "test_pr_auc": 0.6855445621841602,
      "n_trees": 48
    }
  ],
  "summary": {
    "cv_pr_auc": {
      "mean": 0.6601376564123548,
      "std": 0.010750696921059797
    },
    "test_roc_auc": {
      "mean": 0.8452472841623785,
      "std": 0.014426127737534456
    },
    "test_pr_auc": {
      "mean": 0.6738240682550448,
      "std": 0.018415390042657503
    }
  }
}